source,model_name,thinking_mode,thinking_level,thinking_budget,num_30s_runs,total_turns,counted_turns,skipped_turns_missing_planned_actions,malformed_lines,total_actions,left_actions,left_percent,right_actions,right_percent
ataribench_videos/structured_history/runs/robotank,google:gemini-3-flash-preview,none,high,none,10,778,778,0,0,3009,591,19.641076769690926,676,22.465935526753075
ataribench_videos/structured_history/runs/robotank,google:gemini-3-flash-preview,none,low,none,10,707,707,0,0,3019,665,22.027161311692613,519,17.191122888373634
ataribench_videos/structured_history/runs/robotank,google:gemini-3.1-pro-preview,none,high,none,10,743,743,0,0,3016,868,28.779840848806366,763,25.29840848806366
ataribench_videos/structured_history/runs/robotank,google:gemini-3.1-pro-preview,none,low,none,10,765,765,0,0,3009,927,30.807577268195413,696,23.13060817547358
runs/robotank,deepseek-ai/deepseek-v3.1,off,none,none,10,1050,1050,0,0,3003,1550,51.61505161505161,1088,36.23043623043623
runs/robotank,gemini-2.5-flash,off,none,0,10,1000,1000,0,0,3011,1579,52.44104948522086,1148,38.12686815011624
runs/robotank,gpt-5.4-mini,none,none,none,10,1007,1007,0,0,3012,150,4.9800796812749,71,2.357237715803453
runs/robotank,random,off,none,none,10,1486,1486,0,0,3004,963,32.05725699067909,1012,33.68841544607191
runs/robotank,zai-org/glm-5.1,off,none,none,10,934,934,0,0,3000,1366,45.53333333333333,340,11.333333333333334
