source,game,model_name,prompt_mode,context_cache,thinking_mode,thinking_level,thinking_budget,frames_per_action,num_runs,total_turns,counted_turns,skipped_turns_missing_planned_actions,malformed_lines,total_actions,horizontal_actions,vertical_actions,fire_actions,noop_actions,unclassified_actions,horizontal_percent,vertical_percent,fire_percent,noop_percent,unclassified_percent
structured_history/claude,air_raid,anthropic:claude-opus-4-6,structured_history,False,none,high,none,3,10,618,618,0,0,3013,2497,0,1489,80,0,82.8742117490873,0.0,49.41918353800199,2.6551609691337537,0.0
structured_history/claude,air_raid,anthropic:claude-opus-4-6,structured_history,False,none,low,none,3,10,885,885,0,0,3020,2434,0,2076,36,0,80.59602649006622,0.0,68.74172185430463,1.1920529801324504,0.0
structured_history/claude,air_raid,anthropic:claude-sonnet-4-6,structured_history,False,none,high,none,3,10,1001,1001,0,0,3006,2411,0,2865,11,0,80.20625415834996,0.0,95.30938123752495,0.36593479707252163,0.0
structured_history/claude,air_raid,anthropic:claude-sonnet-4-6,structured_history,False,none,low,none,3,10,991,991,0,0,3012,2677,0,2886,56,0,88.87782204515273,0.0,95.81673306772909,1.8592297476759627,0.0
structured_history/claude,assault,anthropic:claude-opus-4-6,structured_history,False,none,high,none,3,10,604,604,0,0,3007,891,1124,1124,992,0,29.630861323578316,37.379447954772196,37.379447954772196,32.98969072164948,0.0
structured_history/claude,assault,anthropic:claude-opus-4-6,structured_history,False,none,low,none,3,10,766,766,0,0,3023,455,1589,1589,979,0,15.051273569302017,52.56367846510089,52.56367846510089,32.38504796559709,0.0
structured_history/claude,assault,anthropic:claude-sonnet-4-6,structured_history,False,none,high,none,3,10,1354,1354,0,0,3004,945,1504,1506,555,0,31.458055925432756,50.06657789613848,50.133155792276966,18.47536617842876,0.0
structured_history/claude,assault,anthropic:claude-sonnet-4-6,structured_history,False,none,low,none,3,10,1198,1198,0,0,3007,445,2044,2055,518,0,14.798802793481876,67.97472564017293,68.34053874293316,17.226471566345193,0.0
structured_history/claude,beam_rider,anthropic:claude-opus-4-6,structured_history,False,none,high,none,3,10,602,602,0,0,3011,1050,0,2966,0,0,34.8721355031551,0.0,98.50547990700764,0.0,0.0
structured_history/claude,beam_rider,anthropic:claude-opus-4-6,structured_history,False,none,low,none,3,10,952,952,0,0,3015,272,0,2980,0,0,9.02155887230514,0.0,98.8391376451078,0.0,0.0
structured_history/claude,beam_rider,anthropic:claude-sonnet-4-6,structured_history,False,none,high,none,3,10,984,984,0,0,3011,779,0,2945,0,0,25.87180338757888,0.0,97.80803719694454,0.0,0.0
structured_history/claude,beam_rider,anthropic:claude-sonnet-4-6,structured_history,False,none,low,none,3,10,1003,1003,0,0,3009,175,0,2935,0,0,5.81588567630442,0.0,97.54071119973413,0.0,0.0
structured_history/claude,boxing,anthropic:claude-opus-4-6,structured_history,False,none,high,none,3,10,601,601,0,0,3009,2877,1143,2665,0,0,95.61316051844467,37.986041874376866,88.56763044200731,0.0,0.0
structured_history/claude,boxing,anthropic:claude-opus-4-6,structured_history,False,none,low,none,3,10,707,707,0,0,3003,2978,973,2933,0,0,99.16749916749917,32.4009324009324,97.66899766899768,0.0,0.0
structured_history/claude,boxing,anthropic:claude-sonnet-4-6,structured_history,False,none,high,none,3,10,1020,1020,0,0,3007,2794,832,2471,0,0,92.91652810109744,27.66877286331892,82.17492517459262,0.0,0.0
structured_history/claude,boxing,anthropic:claude-sonnet-4-6,structured_history,False,none,low,none,3,10,990,990,0,0,3010,2489,148,2796,0,0,82.69102990033223,4.916943521594685,92.89036544850498,0.0,0.0
structured_history/claude,breakout,anthropic:claude-opus-4-6,structured_history,False,none,high,none,3,10,810,810,0,0,3008,2513,0,62,433,0,83.5438829787234,0.0,2.0611702127659575,14.394946808510639,0.0
structured_history/claude,breakout,anthropic:claude-opus-4-6,structured_history,False,none,low,none,3,10,1121,1121,0,0,3008,2657,0,328,23,0,88.3311170212766,0.0,10.904255319148936,0.7646276595744681,0.0
structured_history/claude,breakout,anthropic:claude-sonnet-4-6,structured_history,False,none,high,none,3,10,957,957,0,0,3011,2339,0,49,623,0,77.68183327798074,0.0,1.6273663234805713,20.69080039853869,0.0
structured_history/claude,breakout,anthropic:claude-sonnet-4-6,structured_history,False,none,low,none,3,10,954,954,0,0,3008,1988,0,89,931,0,66.09042553191489,0.0,2.958776595744681,30.950797872340427,0.0
structured_history/claude,demon_attack,anthropic:claude-opus-4-6,structured_history,False,none,high,none,3,10,615,615,0,0,3007,1946,0,2985,0,0,64.71566345194546,0.0,99.26837379447954,0.0,0.0
structured_history/claude,demon_attack,anthropic:claude-opus-4-6,structured_history,False,none,low,none,3,10,999,999,0,0,3006,1803,0,2974,0,0,59.98003992015968,0.0,98.9354624085163,0.0,0.0
structured_history/claude,demon_attack,anthropic:claude-sonnet-4-6,structured_history,False,none,high,none,3,10,1026,1026,0,0,3011,2586,0,2994,0,0,85.8850880106277,0.0,99.43540352042511,0.0,0.0
structured_history/claude,demon_attack,anthropic:claude-sonnet-4-6,structured_history,False,none,low,none,3,10,1017,1017,0,0,3009,1422,0,3005,0,0,47.25822532402792,0.0,99.8670654702559,0.0,0.0
structured_history/claude,fishing_derby,anthropic:claude-opus-4-6,structured_history,False,none,high,none,3,10,594,594,0,0,3001,1654,1921,10,2,0,55.114961679440185,64.01199600133289,0.3332222592469177,0.06664445184938354,0.0
structured_history/claude,fishing_derby,anthropic:claude-opus-4-6,structured_history,False,none,low,none,3,10,663,663,0,0,3022,1351,1959,5,0,0,44.70549305095963,64.82461945731303,0.1654533421575116,0.0,0.0
structured_history/claude,fishing_derby,anthropic:claude-sonnet-4-6,structured_history,False,none,high,none,3,10,1160,1160,0,0,3007,1458,2096,34,0,0,48.48686398403725,69.70402394413036,1.1306950448952444,0.0,0.0
structured_history/claude,fishing_derby,anthropic:claude-sonnet-4-6,structured_history,False,none,low,none,3,10,808,808,0,0,3014,1524,1724,0,0,0,50.56403450564034,57.19973457199735,0.0,0.0,0.0
structured_history/claude,freeway,anthropic:claude-opus-4-6,structured_history,False,none,high,none,3,10,497,497,0,0,3009,0,2992,0,17,0,0.0,99.43502824858757,0.0,0.5649717514124294,0.0
structured_history/claude,freeway,anthropic:claude-opus-4-6,structured_history,False,none,low,none,3,10,300,300,0,0,3000,0,3000,0,0,0,0.0,100.0,0.0,0.0,0.0
structured_history/claude,freeway,anthropic:claude-sonnet-4-6,structured_history,False,none,high,none,3,10,687,687,0,0,3024,0,3023,0,1,0,0.0,99.96693121693121,0.0,0.03306878306878307,0.0
structured_history/claude,freeway,anthropic:claude-sonnet-4-6,structured_history,False,none,low,none,3,10,595,595,0,0,3000,0,3000,0,0,0,0.0,100.0,0.0,0.0,0.0
structured_history/claude,gopher,anthropic:claude-opus-4-6,structured_history,False,none,high,none,3,10,622,622,0,0,3015,2089,0,1063,6,0,69.28689883913765,0.0,35.25704809286899,0.19900497512437812,0.0
structured_history/claude,gopher,anthropic:claude-opus-4-6,structured_history,False,none,low,none,3,10,635,635,0,0,3019,1765,0,1332,0,0,58.463067240808215,0.0,44.120569725074525,0.0,0.0
structured_history/claude,gopher,anthropic:claude-sonnet-4-6,structured_history,False,none,high,none,3,10,1069,1069,0,0,3011,2421,0,628,9,0,80.40518100298904,0.0,20.856858186648953,0.29890401859847227,0.0
structured_history/claude,gopher,anthropic:claude-sonnet-4-6,structured_history,False,none,low,none,3,10,865,865,0,0,3007,2231,0,720,117,0,74.19354838709677,0.0,23.944130362487527,3.8909211839042235,0.0
structured_history/claude,ice_hockey,anthropic:claude-opus-4-6,structured_history,False,none,high,none,3,10,613,613,0,0,3026,1712,2496,503,0,0,56.57633840052875,82.48512888301389,16.622604097818904,0.0,0.0
structured_history/claude,ice_hockey,anthropic:claude-opus-4-6,structured_history,False,none,low,none,3,10,780,780,0,0,3015,1351,2589,564,0,0,44.80928689883914,85.87064676616916,18.70646766169154,0.0,0.0
structured_history/claude,ice_hockey,anthropic:claude-sonnet-4-6,structured_history,False,none,high,none,3,10,796,796,0,0,3007,993,2404,940,0,0,33.02294645826405,79.9467908214167,31.260392417692053,0.0,0.0
structured_history/claude,ice_hockey,anthropic:claude-sonnet-4-6,structured_history,False,none,low,none,3,10,898,898,0,0,3008,586,1787,853,0,0,19.481382978723403,59.40824468085106,28.357712765957448,0.0,0.0
structured_history/claude,journey_escape,anthropic:claude-opus-4-6,structured_history,False,none,high,none,3,10,603,603,0,0,3014,2218,1342,0,39,0,73.58991373589913,44.52554744525548,0.0,1.2939615129396151,0.0
structured_history/claude,journey_escape,anthropic:claude-opus-4-6,structured_history,False,none,low,none,3,10,1000,1000,0,0,3004,2734,0,0,270,0,91.01198402130493,0.0,0.0,8.988015978695072,0.0
structured_history/claude,journey_escape,anthropic:claude-sonnet-4-6,structured_history,False,none,high,none,3,10,748,748,0,0,3002,1880,1034,0,376,0,62.62491672218521,34.44370419720187,0.0,12.524983344437041,0.0
structured_history/claude,journey_escape,anthropic:claude-sonnet-4-6,structured_history,False,none,low,none,3,10,721,721,0,0,3009,1750,642,0,649,0,58.1588567630442,21.335992023928217,0.0,21.568627450980394,0.0
structured_history/claude,laser_gates,anthropic:claude-opus-4-6,structured_history,False,none,high,none,3,10,538,538,0,0,3049,3009,442,2963,5,0,98.68809445719909,14.496556247950148,97.17940308297803,0.1639881928501148,0.0
structured_history/claude,laser_gates,anthropic:claude-opus-4-6,structured_history,False,none,low,none,3,10,612,612,0,0,3060,2336,815,1237,0,0,76.33986928104575,26.633986928104576,40.42483660130719,0.0,0.0
structured_history/claude,laser_gates,anthropic:claude-sonnet-4-6,structured_history,False,none,high,none,3,10,613,613,0,0,3039,3019,597,2117,0,0,99.34188877920369,19.64461994076999,69.6610727212899,0.0,0.0
structured_history/claude,laser_gates,anthropic:claude-sonnet-4-6,structured_history,False,none,low,none,3,10,616,616,0,0,3016,3013,32,1334,0,0,99.90053050397879,1.0610079575596818,44.23076923076923,0.0,0.0
structured_history/claude,name_this_game,anthropic:claude-opus-4-6,structured_history,False,none,high,none,3,10,499,499,0,0,3016,1734,0,2987,0,0,57.49336870026525,0.0,99.03846153846153,0.0,0.0
structured_history/claude,name_this_game,anthropic:claude-opus-4-6,structured_history,False,none,low,none,3,10,600,600,0,0,3000,875,0,2997,0,0,29.166666666666668,0.0,99.9,0.0,0.0
structured_history/claude,name_this_game,anthropic:claude-sonnet-4-6,structured_history,False,none,high,none,3,10,597,597,0,0,3004,1697,0,2995,0,0,56.491344873501994,0.0,99.70039946737683,0.0,0.0
structured_history/claude,name_this_game,anthropic:claude-sonnet-4-6,structured_history,False,none,low,none,3,10,600,600,0,0,3001,841,0,2971,0,0,28.02399200266578,0.0,99.00033322225924,0.0,0.0
structured_history/claude,pacman,anthropic:claude-opus-4-6,structured_history,False,none,high,none,3,10,579,579,0,0,3010,1714,1296,0,0,0,56.943521594684384,43.056478405315616,0.0,0.0,0.0
structured_history/claude,pacman,anthropic:claude-opus-4-6,structured_history,False,none,low,none,3,10,622,622,0,0,3017,1759,1258,0,0,0,58.302949950281736,41.697050049718264,0.0,0.0,0.0
structured_history/claude,pacman,anthropic:claude-sonnet-4-6,structured_history,False,none,high,none,3,10,617,617,0,0,3030,1533,1497,0,0,0,50.59405940594059,49.40594059405941,0.0,0.0,0.0
structured_history/claude,pacman,anthropic:claude-sonnet-4-6,structured_history,False,none,low,none,3,10,605,605,0,0,3013,1589,1424,0,0,0,52.73813474941918,47.26186525058082,0.0,0.0,0.0
structured_history/claude,phoenix,anthropic:claude-opus-4-6,structured_history,False,none,high,none,3,10,552,552,0,0,3025,1841,1,1124,200,0,60.85950413223141,0.03305785123966942,37.15702479338843,6.6115702479338845,0.0
structured_history/claude,phoenix,anthropic:claude-opus-4-6,structured_history,False,none,low,none,3,10,659,659,0,0,3014,1907,0,1372,33,0,63.271400132714,0.0,45.520902455209026,1.094890510948905,0.0
structured_history/claude,phoenix,anthropic:claude-sonnet-4-6,structured_history,False,none,high,none,3,10,660,660,0,0,3016,1089,0,1090,875,0,36.10742705570292,0.0,36.14058355437666,29.011936339522546,0.0
structured_history/claude,phoenix,anthropic:claude-sonnet-4-6,structured_history,False,none,low,none,3,10,735,735,0,0,3021,1039,0,1406,795,0,34.392585236676595,0.0,46.540880503144656,26.31578947368421,0.0
structured_history/claude,qbert,anthropic:claude-opus-4-6,structured_history,False,none,high,none,3,10,593,593,0,0,3015,2930,2930,0,85,0,97.18076285240464,97.18076285240464,0.0,2.8192371475953566,0.0
structured_history/claude,qbert,anthropic:claude-opus-4-6,structured_history,False,none,low,none,3,10,632,632,0,0,3019,2928,2928,0,91,0,96.9857568731368,96.9857568731368,0.0,3.0142431268632,0.0
structured_history/claude,qbert,anthropic:claude-sonnet-4-6,structured_history,False,none,high,none,3,10,892,892,0,0,3013,3012,3012,0,1,0,99.96681048788582,99.96681048788582,0.0,0.03318951211417192,0.0
structured_history/claude,qbert,anthropic:claude-sonnet-4-6,structured_history,False,none,low,none,3,10,715,715,0,0,3015,3011,3011,0,4,0,99.86733001658375,99.86733001658375,0.0,0.13266998341625208,0.0
structured_history/claude,riverraid,anthropic:claude-opus-4-6,structured_history,False,none,high,none,3,10,602,602,0,0,3010,1426,1326,1318,61,0,47.37541528239203,44.053156146179404,43.78737541528239,2.026578073089701,0.0
structured_history/claude,riverraid,anthropic:claude-opus-4-6,structured_history,False,none,low,none,3,10,916,916,0,0,3012,1252,221,2811,0,0,41.56706507304117,7.337317397078353,93.32669322709164,0.0,0.0
structured_history/claude,riverraid,anthropic:claude-sonnet-4-6,structured_history,False,none,high,none,3,10,1011,1011,0,0,3007,324,2452,2695,11,0,10.774858663119389,81.54306617891586,89.6242101762554,0.36581310276022616,0.0
structured_history/claude,riverraid,anthropic:claude-sonnet-4-6,structured_history,False,none,low,none,3,10,1020,1020,0,0,3008,23,2973,3002,0,0,0.7646276595744681,98.83643617021276,99.80053191489361,0.0,0.0
structured_history/claude,robotank,anthropic:claude-opus-4-6,structured_history,False,none,high,none,3,10,601,601,0,0,3007,1733,2184,2823,41,0,57.6321915530429,72.63052876621217,93.88094446291986,1.3634852011972065,0.0
structured_history/claude,robotank,anthropic:claude-opus-4-6,structured_history,False,none,low,none,3,10,663,663,0,0,3026,1281,2621,2994,0,0,42.333113020489094,86.61599471249174,98.94249834765367,0.0,0.0
structured_history/claude,robotank,anthropic:claude-sonnet-4-6,structured_history,False,none,high,none,3,10,988,988,0,0,3010,1747,1658,2880,88,0,58.03986710963455,55.08305647840532,95.68106312292359,2.9235880398671097,0.0
structured_history/claude,robotank,anthropic:claude-sonnet-4-6,structured_history,False,none,low,none,3,10,997,997,0,0,3004,1156,1646,2787,194,0,38.48202396804261,54.793608521970704,92.7762982689747,6.458055925432756,0.0
structured_history/claude,seaquest,anthropic:claude-opus-4-6,structured_history,False,none,high,none,3,10,593,593,0,0,3001,1922,2188,2340,0,0,64.04531822725758,72.9090303232256,77.97400866377875,0.0,0.0
structured_history/claude,seaquest,anthropic:claude-opus-4-6,structured_history,False,none,low,none,3,10,615,615,0,0,3020,1667,1941,1385,0,0,55.19867549668874,64.27152317880795,45.86092715231788,0.0,0.0
structured_history/claude,seaquest,anthropic:claude-sonnet-4-6,structured_history,False,none,high,none,3,10,847,847,0,0,3019,1314,2467,745,0,0,43.524345809870816,81.7157999337529,24.67704537926466,0.0,0.0
structured_history/claude,seaquest,anthropic:claude-sonnet-4-6,structured_history,False,none,low,none,3,10,739,739,0,0,3019,939,2532,555,0,0,31.103014243126864,83.86883073865518,18.383570718781055,0.0,0.0
structured_history/claude,tennis,anthropic:claude-opus-4-6,structured_history,False,none,high,none,3,10,615,615,0,0,3033,2021,228,432,420,0,66.63369601055061,7.517309594460929,14.243323442136498,13.847675568743819,0.0
structured_history/claude,tennis,anthropic:claude-opus-4-6,structured_history,False,none,low,none,3,10,951,951,0,0,3010,1923,455,629,268,0,63.88704318936877,15.116279069767442,20.897009966777407,8.903654485049834,0.0
structured_history/claude,tennis,anthropic:claude-sonnet-4-6,structured_history,False,none,high,none,3,10,787,787,0,0,3011,1639,1142,377,57,0,54.43374294254401,37.927598804383926,12.520757223513783,1.893058784456991,0.0
structured_history/claude,tennis,anthropic:claude-sonnet-4-6,structured_history,False,none,low,none,3,10,945,945,0,0,3011,767,1031,750,509,0,25.47326469611425,34.2411159083361,24.908668216539354,16.904682829624708,0.0
structured_history/claude,time_pilot,anthropic:claude-opus-4-6,structured_history,False,none,high,none,3,10,490,490,0,0,3034,1003,519,1512,0,0,33.05866842452208,17.106130520764665,49.83520105471325,0.0,0.0
structured_history/claude,time_pilot,anthropic:claude-opus-4-6,structured_history,False,none,low,none,3,10,537,537,0,0,3022,1037,429,1519,37,0,34.3150231634679,14.195896757114493,50.26472534745202,1.2243547319655856,0.0
structured_history/claude,time_pilot,anthropic:claude-sonnet-4-6,structured_history,False,none,high,none,3,10,791,791,0,0,3012,1026,582,1404,0,0,34.06374501992032,19.322709163346612,46.613545816733065,0.0,0.0
structured_history/claude,time_pilot,anthropic:claude-sonnet-4-6,structured_history,False,none,low,none,3,10,831,831,0,0,3016,704,225,2087,0,0,23.342175066312997,7.460212201591512,69.1976127320955,0.0,0.0
structured_history/gemini,air_raid,google:gemini-3-flash-preview,structured_history,False,none,high,none,3,10,752,752,0,0,3012,2731,0,2658,149,0,90.67065073041168,0.0,88.24701195219123,4.946879150066401,0.0
structured_history/gemini,air_raid,google:gemini-3-flash-preview,structured_history,False,none,low,none,3,12,707,707,0,0,3364,2573,0,2873,121,0,76.48632580261594,0.0,85.40428061831153,3.596908442330559,0.0
structured_history/gemini,air_raid,google:gemini-3.1-pro-preview,structured_history,False,none,high,none,3,12,773,773,0,0,3258,2595,0,664,294,0,79.6500920810313,0.0,20.38060159607121,9.023941068139964,0.0
structured_history/gemini,air_raid,google:gemini-3.1-pro-preview,structured_history,False,none,low,none,3,10,780,780,0,0,3012,2203,0,757,500,0,73.14077025232403,0.0,25.132802124833997,16.600265604249667,0.0
structured_history/gemini,assault,google:gemini-3-flash-preview,structured_history,False,none,high,none,3,10,844,844,0,0,3014,1238,1127,1127,649,0,41.07498341074984,37.3921698739217,37.3921698739217,21.532846715328468,0.0
structured_history/gemini,assault,google:gemini-3-flash-preview,structured_history,False,none,low,none,3,10,678,678,0,0,3020,1133,1205,1205,682,0,37.51655629139073,39.90066225165563,39.90066225165563,22.582781456953644,0.0
structured_history/gemini,assault,google:gemini-3.1-pro-preview,structured_history,False,none,high,none,3,10,765,765,0,0,3007,1449,652,652,906,0,48.187562354506156,21.68274027269704,21.68274027269704,30.12969737279681,0.0
structured_history/gemini,assault,google:gemini-3.1-pro-preview,structured_history,False,none,low,none,3,12,867,867,0,0,3283,1234,832,834,1217,0,37.58757234236978,25.34267438318611,25.403594273530306,37.0697532744441,0.0
structured_history/gemini,beam_rider,google:gemini-3-flash-preview,structured_history,False,none,high,none,3,10,1037,1037,0,0,3012,1408,0,2173,229,0,46.746347941567066,0.0,72.14475431606905,7.602921646746348,0.0
structured_history/gemini,beam_rider,google:gemini-3-flash-preview,structured_history,False,none,low,none,3,10,848,848,0,0,3014,1359,0,2211,51,0,45.08958195089582,0.0,73.35766423357664,1.6921035169210352,0.0
structured_history/gemini,beam_rider,google:gemini-3.1-pro-preview,structured_history,False,none,high,none,3,10,742,742,0,0,3013,1050,0,1283,763,0,34.84898771988052,0.0,42.582144042482575,25.323597743113176,0.0
structured_history/gemini,beam_rider,google:gemini-3.1-pro-preview,structured_history,False,none,low,none,3,10,845,845,0,0,3017,1407,0,1635,350,0,46.635730858468676,0.0,54.19290686112032,11.600928074245939,0.0
structured_history/gemini,boxing,google:gemini-3-flash-preview,structured_history,False,none,high,none,3,10,948,948,0,0,3013,1427,479,2564,295,0,47.361433786923335,15.897776302688351,85.09790906073681,9.790906073680716,0.0
structured_history/gemini,boxing,google:gemini-3-flash-preview,structured_history,False,none,low,none,3,10,748,748,0,0,3010,1355,521,2797,90,0,45.01661129568107,17.308970099667775,92.92358803986711,2.990033222591362,0.0
structured_history/gemini,boxing,google:gemini-3.1-pro-preview,structured_history,False,none,high,none,3,10,752,752,0,0,3005,2537,1193,2410,3,0,84.42595673876872,39.70049916805324,80.19966722129784,0.09983361064891846,0.0
structured_history/gemini,boxing,google:gemini-3.1-pro-preview,structured_history,False,none,low,none,3,10,763,763,0,0,3015,2177,746,2675,2,0,72.20563847429518,24.742951907131012,88.72305140961858,0.06633499170812604,0.0
structured_history/gemini,breakout,google:gemini-3-flash-preview,structured_history,False,none,high,none,3,10,621,621,0,0,3022,2096,0,53,873,0,69.35804103242886,0.0,1.7538054268696228,28.888153540701524,0.0
structured_history/gemini,breakout,google:gemini-3-flash-preview,structured_history,False,none,low,none,3,10,636,636,0,0,3024,2043,0,79,902,0,67.55952380952381,0.0,2.6124338624338623,29.82804232804233,0.0
structured_history/gemini,breakout,google:gemini-3.1-pro-preview,structured_history,False,none,high,none,3,10,838,838,0,0,3013,1916,0,68,1029,0,63.591105210753405,0.0,2.2568868237636908,34.15200796548291,0.0
structured_history/gemini,breakout,google:gemini-3.1-pro-preview,structured_history,False,none,low,none,3,10,930,930,0,0,3010,1908,0,69,1033,0,63.388704318936874,0.0,2.292358803986711,34.31893687707641,0.0
structured_history/gemini,demon_attack,google:gemini-3-flash-preview,structured_history,False,none,high,none,3,10,1083,1083,0,0,3003,1904,0,2423,270,0,63.4032634032634,0.0,80.68598068598068,8.991008991008991,0.0
structured_history/gemini,demon_attack,google:gemini-3-flash-preview,structured_history,False,none,low,none,3,12,945,945,0,0,3299,1848,0,2898,80,0,56.01697484086087,0.0,87.84480145498635,2.4249772658381326,0.0
structured_history/gemini,demon_attack,google:gemini-3.1-pro-preview,structured_history,False,none,high,none,3,10,763,763,0,0,3014,1956,0,1235,164,0,64.89714664897147,0.0,40.97544790975448,5.441274054412741,0.0
structured_history/gemini,demon_attack,google:gemini-3.1-pro-preview,structured_history,False,none,low,none,3,10,896,896,0,0,3012,2227,0,1656,97,0,73.93758300132802,0.0,54.9800796812749,3.2204515272244354,0.0
structured_history/gemini,fishing_derby,google:gemini-3-flash-preview,structured_history,False,none,high,none,3,10,610,610,0,0,3023,674,2506,361,68,0,22.295732715845187,82.89778365861727,11.941779689050612,2.2494211048627193,0.0
structured_history/gemini,fishing_derby,google:gemini-3-flash-preview,structured_history,False,none,low,none,3,10,492,492,0,0,3021,929,2346,382,27,0,30.75140681893413,77.65640516385302,12.644819596160211,0.8937437934458788,0.0
structured_history/gemini,fishing_derby,google:gemini-3.1-pro-preview,structured_history,False,none,high,none,3,10,767,767,0,0,3016,942,2282,1073,127,0,31.23342175066313,75.6631299734748,35.57692307692308,4.210875331564987,0.0
structured_history/gemini,fishing_derby,google:gemini-3.1-pro-preview,structured_history,False,none,low,none,3,10,751,751,0,0,3014,1245,2583,997,30,0,41.307232913072326,85.70006635700067,33.07896483078965,0.9953550099535501,0.0
structured_history/gemini,freeway,google:gemini-3-flash-preview,structured_history,False,none,high,none,3,10,365,365,0,0,3017,0,2359,0,658,0,0.0,78.19025522041764,0.0,21.809744779582367,0.0
structured_history/gemini,freeway,google:gemini-3-flash-preview,structured_history,False,none,low,none,3,10,348,348,0,0,3032,0,2525,0,507,0,0.0,83.27836411609499,0.0,16.721635883905012,0.0
structured_history/gemini,freeway,google:gemini-3.1-pro-preview,structured_history,False,none,high,none,3,22,474,474,0,0,3640,0,2547,0,1093,0,0.0,69.97252747252747,0.0,30.02747252747253,0.0
structured_history/gemini,freeway,google:gemini-3.1-pro-preview,structured_history,False,none,low,none,3,10,716,716,0,0,3007,0,2228,0,779,0,0.0,74.09378117725308,0.0,25.906218822746922,0.0
structured_history/gemini,gopher,google:gemini-3-flash-preview,structured_history,False,none,high,none,3,11,622,622,0,0,3270,2953,0,155,165,0,90.30581039755351,0.0,4.740061162079511,5.045871559633028,0.0
structured_history/gemini,gopher,google:gemini-3-flash-preview,structured_history,False,none,low,none,3,14,626,626,0,0,3652,3257,0,326,72,0,89.18400876232201,0.0,8.926615553121577,1.9715224534501643,0.0
structured_history/gemini,gopher,google:gemini-3.1-pro-preview,structured_history,False,none,high,none,3,18,738,738,0,0,3252,2738,0,86,429,0,84.19434194341943,0.0,2.644526445264453,13.191881918819188,0.0
structured_history/gemini,gopher,google:gemini-3.1-pro-preview,structured_history,False,none,low,none,3,10,742,742,0,0,3012,2637,0,47,329,0,87.54980079681275,0.0,1.5604249667994687,10.922974767596282,0.0
structured_history/gemini,ice_hockey,google:gemini-3-flash-preview,structured_history,False,none,high,none,3,10,678,678,0,0,3024,2507,2344,425,192,0,82.90343915343915,77.51322751322752,14.054232804232804,6.349206349206349,0.0
structured_history/gemini,ice_hockey,google:gemini-3-flash-preview,structured_history,False,none,low,none,3,12,688,688,0,0,3350,2868,2621,412,84,0,85.61194029850746,78.23880597014926,12.298507462686567,2.5074626865671643,0.0
structured_history/gemini,ice_hockey,google:gemini-3.1-pro-preview,structured_history,False,none,high,none,3,10,685,685,0,0,3011,2481,2550,240,109,0,82.3978744603122,84.68947193623382,7.970773829292594,3.62005978080372,0.0
structured_history/gemini,ice_hockey,google:gemini-3.1-pro-preview,structured_history,False,none,low,none,3,10,743,743,0,0,3011,2684,2582,111,20,0,89.13982065758884,85.75224178013949,3.6864828960478246,0.6642311524410495,0.0
structured_history/gemini,journey_escape,google:gemini-3-flash-preview,structured_history,False,none,high,none,3,10,650,650,0,0,3033,1654,1054,0,614,0,54.5334652159578,34.75107154632377,0.0,20.24398285525882,0.0
structured_history/gemini,journey_escape,google:gemini-3-flash-preview,structured_history,False,none,low,none,3,11,488,488,0,0,3113,1398,1831,0,131,0,44.908448442017345,58.81786058464504,0.0,4.208159331834244,0.0
structured_history/gemini,journey_escape,google:gemini-3.1-pro-preview,structured_history,False,none,high,none,3,10,644,644,0,0,3017,1499,1411,0,600,0,49.68511766655618,46.76831289360292,0.0,19.887305270135897,0.0
structured_history/gemini,journey_escape,google:gemini-3.1-pro-preview,structured_history,False,none,low,none,3,10,727,727,0,0,3020,1861,1415,0,492,0,61.62251655629139,46.854304635761586,0.0,16.29139072847682,0.0
structured_history/gemini,laser_gates,google:gemini-3-flash-preview,structured_history,False,none,high,none,3,10,580,580,0,0,3052,2848,492,1454,156,0,93.31585845347313,16.120576671035387,47.64089121887287,5.111402359108781,0.0
structured_history/gemini,laser_gates,google:gemini-3-flash-preview,structured_history,False,none,low,none,3,12,537,537,0,0,3599,3500,428,1813,44,0,97.24923589886079,11.89219227563212,50.37510419560989,1.2225618227285358,0.0
structured_history/gemini,laser_gates,google:gemini-3.1-pro-preview,structured_history,False,none,high,none,3,10,703,703,0,0,3037,2754,387,328,151,0,90.68159367797168,12.742838327296674,10.80013170892328,4.972011853803095,0.0
structured_history/gemini,laser_gates,google:gemini-3.1-pro-preview,structured_history,False,none,low,none,3,10,724,724,0,0,3025,2872,279,318,117,0,94.94214876033058,9.223140495867769,10.512396694214877,3.8677685950413223,0.0
structured_history/gemini,name_this_game,google:gemini-3-flash-preview,structured_history,False,none,high,none,3,10,446,446,0,0,3009,2179,0,2661,164,0,72.41608507809903,0.0,88.43469591226321,5.450315719508143,0.0
structured_history/gemini,name_this_game,google:gemini-3-flash-preview,structured_history,False,none,low,none,3,10,395,395,0,0,3037,1982,0,2795,104,0,65.26177148501812,0.0,92.0316101415871,3.424432005268357,0.0
structured_history/gemini,name_this_game,google:gemini-3.1-pro-preview,structured_history,False,none,high,none,3,10,632,632,0,0,3004,2425,0,2639,33,0,80.72569906790946,0.0,87.84953395472704,1.0985352862849533,0.0
structured_history/gemini,name_this_game,google:gemini-3.1-pro-preview,structured_history,False,none,low,none,3,10,700,700,0,0,3009,2101,0,2709,62,0,69.82386174808907,0.0,90.02991026919243,2.060485211033566,0.0
structured_history/gemini,pacman,google:gemini-3-flash-preview,structured_history,False,none,high,none,3,10,654,654,0,0,3013,2478,437,0,98,0,82.24361101891802,14.50381679389313,0.0,3.252572187188848,0.0
structured_history/gemini,pacman,google:gemini-3-flash-preview,structured_history,False,none,low,none,3,10,580,580,0,0,3017,2677,309,0,31,0,88.73052701358966,10.241962214119987,0.0,1.0275107722903547,0.0
structured_history/gemini,pacman,google:gemini-3.1-pro-preview,structured_history,False,none,high,none,3,10,736,736,0,0,3013,1771,1150,0,92,0,58.778625954198475,38.16793893129771,0.0,3.053435114503817,0.0
structured_history/gemini,pacman,google:gemini-3.1-pro-preview,structured_history,False,none,low,none,3,10,733,733,0,0,3007,1913,1022,0,72,0,63.61822414366478,33.98736282008647,0.0,2.394413036248753,0.0
structured_history/gemini,phoenix,google:gemini-3-flash-preview,structured_history,False,none,high,none,3,10,812,812,0,0,3019,1343,3,1221,656,0,44.484928784365685,0.09937065253395164,40.44385558131832,21.72904935409076,0.0
structured_history/gemini,phoenix,google:gemini-3-flash-preview,structured_history,False,none,low,none,3,12,576,576,0,0,3253,1418,2,1428,828,0,43.590531816784505,0.06148170919151552,43.897940362742084,25.453427605287427,0.0
structured_history/gemini,phoenix,google:gemini-3.1-pro-preview,structured_history,False,none,high,none,3,10,725,725,0,0,3011,1394,35,847,984,0,46.296911325141146,1.1624045167718366,28.130189305878446,32.68017270009963,0.0
structured_history/gemini,phoenix,google:gemini-3.1-pro-preview,structured_history,False,none,low,none,3,10,764,764,0,0,3006,1805,22,1055,742,0,60.046573519627415,0.7318695941450433,35.09647371922821,24.683965402528276,0.0
structured_history/gemini,qbert,google:gemini-3-flash-preview,structured_history,False,none,high,none,3,12,1017,1017,0,0,3541,3094,3094,0,447,0,87.37644733126236,87.37644733126236,0.0,12.623552668737645,0.0
structured_history/gemini,qbert,google:gemini-3-flash-preview,structured_history,False,none,low,none,3,10,768,768,0,0,3018,2984,2984,0,34,0,98.87342611000663,98.87342611000663,0.0,1.126573889993373,0.0
structured_history/gemini,qbert,google:gemini-3.1-pro-preview,structured_history,False,none,high,none,3,10,604,604,0,0,3021,1309,1309,0,1712,0,43.33002317113539,43.33002317113539,0.0,56.66997682886461,0.0
structured_history/gemini,qbert,google:gemini-3.1-pro-preview,structured_history,False,none,low,none,3,10,1102,1102,0,0,3016,2180,2180,0,836,0,72.28116710875332,72.28116710875332,0.0,27.718832891246684,0.0
structured_history/gemini,riverraid,google:gemini-3-flash-preview,structured_history,False,none,high,none,3,10,778,778,0,0,3024,1386,2164,1450,150,0,45.833333333333336,71.56084656084656,47.94973544973545,4.9603174603174605,0.0
structured_history/gemini,riverraid,google:gemini-3-flash-preview,structured_history,False,none,low,none,3,11,714,714,0,0,3312,1400,2258,1404,92,0,42.270531400966185,68.17632850241546,42.391304347826086,2.7777777777777777,0.0
structured_history/gemini,riverraid,google:gemini-3.1-pro-preview,structured_history,False,none,high,none,3,10,755,755,0,0,3001,819,2660,456,193,0,27.29090303232256,88.6371209596801,15.194935021659447,6.431189603465511,0.0
structured_history/gemini,riverraid,google:gemini-3.1-pro-preview,structured_history,False,none,low,none,3,14,1013,1013,0,0,3773,1218,3425,543,94,0,32.28200371057514,90.7765703684071,14.39173071826133,2.4913861648555526,0.0
structured_history/gemini,robotank,google:gemini-3-flash-preview,structured_history,False,none,high,none,3,10,778,778,0,0,3009,1267,477,2230,378,0,42.107012296444005,15.852442671984047,74.11100033233632,12.562313060817548,0.0
structured_history/gemini,robotank,google:gemini-3-flash-preview,structured_history,False,none,low,none,3,10,707,707,0,0,3019,1184,520,2402,71,0,39.21828420006625,17.224246439218284,79.56276912885062,2.351772109970189,0.0
structured_history/gemini,robotank,google:gemini-3.1-pro-preview,structured_history,False,none,high,none,3,11,817,817,0,0,3315,1798,828,1197,429,0,54.23831070889894,24.97737556561086,36.10859728506787,12.941176470588236,0.0
structured_history/gemini,robotank,google:gemini-3.1-pro-preview,structured_history,False,none,low,none,3,10,765,765,0,0,3009,1623,647,1117,381,0,53.93818544366899,21.50216018610834,37.12196743104021,12.662013958125623,0.0
structured_history/gemini,seaquest,google:gemini-3-flash-preview,structured_history,False,none,high,none,3,10,715,715,0,0,3011,1987,2020,1343,204,0,65.99136499501827,67.087346396546,44.603121886416474,6.7751577548987045,0.0
structured_history/gemini,seaquest,google:gemini-3-flash-preview,structured_history,False,none,low,none,3,12,588,588,0,0,3276,2057,2255,1086,42,0,62.78998778998779,68.83394383394383,33.15018315018315,1.2820512820512822,0.0
structured_history/gemini,seaquest,google:gemini-3.1-pro-preview,structured_history,False,none,high,none,3,10,731,731,0,0,3010,2012,1396,646,213,0,66.84385382059801,46.37873754152824,21.461794019933556,7.076411960132891,0.0
structured_history/gemini,seaquest,google:gemini-3.1-pro-preview,structured_history,False,none,low,none,3,23,896,896,0,0,3591,2237,2023,661,270,0,62.29462545252019,56.33528265107213,18.407128933444724,7.518796992481203,0.0
structured_history/gemini,tennis,google:gemini-3-flash-preview,structured_history,False,none,high,none,3,10,694,694,0,0,3010,1351,24,471,1177,0,44.883720930232556,0.7973421926910299,15.647840531561462,39.10299003322259,0.0
structured_history/gemini,tennis,google:gemini-3-flash-preview,structured_history,False,none,low,none,3,10,619,619,0,0,3015,1297,36,766,945,0,43.018242122719734,1.1940298507462686,25.40630182421227,31.34328358208955,0.0
structured_history/gemini,tennis,google:gemini-3.1-pro-preview,structured_history,False,none,high,none,3,10,747,747,0,0,3013,1255,403,144,1537,0,41.65283770328576,13.375373382011285,4.7792897444407565,51.01228011948224,0.0
structured_history/gemini,tennis,google:gemini-3.1-pro-preview,structured_history,False,none,low,none,3,10,767,767,0,0,3013,1154,527,145,1638,0,38.3006969797544,17.490872884168603,4.812479256554929,54.364420843013605,0.0
structured_history/gemini,time_pilot,google:gemini-3-flash-preview,structured_history,False,none,high,none,3,10,566,566,0,0,3027,1007,552,1310,158,0,33.26726131483317,18.23587710604559,43.277172117608195,5.219689461513049,0.0
structured_history/gemini,time_pilot,google:gemini-3-flash-preview,structured_history,False,none,low,none,3,11,563,563,0,0,3304,1144,665,1393,102,0,34.624697336561745,20.127118644067796,42.16101694915254,3.0871670702179177,0.0
structured_history/gemini,time_pilot,google:gemini-3.1-pro-preview,structured_history,False,none,high,none,3,10,693,693,0,0,3006,873,386,1462,285,0,29.04191616766467,12.840984697272122,48.636061210911514,9.481037924151696,0.0
structured_history/gemini,time_pilot,google:gemini-3.1-pro-preview,structured_history,False,none,low,none,3,10,748,748,0,0,3013,868,435,1503,207,0,28.80849651510123,14.437437769664786,49.883836707600395,6.870229007633588,0.0
structured_history/gpt,air_raid,openai:gpt-5.4,structured_history,False,none,high,none,3,10,1344,1344,0,0,3011,2509,0,2176,188,0,83.32779807372965,0.0,72.26834938558618,6.243772832945865,0.0
structured_history/gpt,air_raid,openai:gpt-5.4,structured_history,False,none,low,none,3,10,1294,1294,0,0,3009,2219,0,1605,186,0,73.74543037554005,0.0,53.33998005982054,6.181455633100698,0.0
structured_history/gpt,air_raid,openai:gpt-5.4-mini,structured_history,False,none,high,none,3,10,1105,1105,0,0,3000,2225,0,2710,28,0,74.16666666666667,0.0,90.33333333333333,0.9333333333333333,0.0
structured_history/gpt,air_raid,openai:gpt-5.4-mini,structured_history,False,none,low,none,3,10,1056,1056,0,0,3010,2339,0,2402,137,0,77.70764119601328,0.0,79.80066445182725,4.5514950166112955,0.0
structured_history/gpt,assault,openai:gpt-5.4,structured_history,False,none,high,none,3,12,2302,2302,0,0,3314,1589,879,879,846,0,47.948098974049486,26.52383826191913,26.52383826191913,25.528062764031382,0.0
structured_history/gpt,assault,openai:gpt-5.4,structured_history,False,none,low,none,3,11,1806,1806,0,0,3107,587,1387,1387,1133,0,18.892822658513037,44.64113292565175,44.64113292565175,36.46604441583521,0.0
structured_history/gpt,assault,openai:gpt-5.4-mini,structured_history,False,none,high,none,3,10,1740,1740,0,0,3009,1081,1018,1027,910,0,35.9255566633433,33.83183781987371,34.13094051179794,30.242605516782984,0.0
structured_history/gpt,assault,openai:gpt-5.4-mini,structured_history,False,none,low,none,3,10,1456,1456,0,0,3009,104,2882,2882,23,0,3.456297773346627,95.77932868062479,95.77932868062479,0.7643735460285809,0.0
structured_history/gpt,beam_rider,openai:gpt-5.4,structured_history,False,none,high,none,3,11,2843,2843,0,0,3231,2225,0,2913,30,0,68.86412875270814,0.0,90.15784586815228,0.9285051067780873,0.0
structured_history/gpt,beam_rider,openai:gpt-5.4,structured_history,False,none,low,none,3,10,1490,1490,0,0,3000,1760,0,2430,60,0,58.666666666666664,0.0,81.0,2.0,0.0
structured_history/gpt,beam_rider,openai:gpt-5.4-mini,structured_history,False,none,high,none,3,10,1989,1989,0,0,3008,1623,0,2674,31,0,53.9561170212766,0.0,88.89627659574468,1.0305851063829787,0.0
structured_history/gpt,beam_rider,openai:gpt-5.4-mini,structured_history,False,none,low,none,3,10,1278,1278,0,0,3001,1705,0,2239,2,0,56.81439520159947,0.0,74.60846384538488,0.06664445184938354,0.0
structured_history/gpt,boxing,openai:gpt-5.4,structured_history,False,none,high,none,3,11,1425,1425,0,0,3205,2698,1396,2619,0,0,84.18096723868955,43.55694227769111,81.71606864274571,0.0,0.0
structured_history/gpt,boxing,openai:gpt-5.4,structured_history,False,none,low,none,3,10,1059,1059,0,0,3019,2179,817,2792,0,0,72.17621729049354,27.061941040079496,92.48095395826432,0.0,0.0
structured_history/gpt,boxing,openai:gpt-5.4-mini,structured_history,False,none,high,none,3,12,2302,2302,0,0,3552,1529,1970,2414,0,0,43.046171171171174,55.461711711711715,67.96171171171171,0.0,0.0
structured_history/gpt,boxing,openai:gpt-5.4-mini,structured_history,False,none,low,none,3,10,1220,1220,0,0,3019,2373,825,2630,0,0,78.60218615435575,27.3269294468367,87.11493872143093,0.0,0.0
structured_history/gpt,breakout,openai:gpt-5.4,structured_history,False,none,high,none,3,10,2006,2006,0,0,3000,2028,0,83,889,0,67.6,0.0,2.7666666666666666,29.633333333333333,0.0
structured_history/gpt,breakout,openai:gpt-5.4,structured_history,False,none,low,none,3,11,1810,1810,0,0,3141,1902,0,117,1122,0,60.55396370582617,0.0,3.7249283667621778,35.72110792741165,0.0
structured_history/gpt,breakout,openai:gpt-5.4-mini,structured_history,False,none,high,none,3,16,2490,2490,0,0,4529,3318,0,125,1086,0,73.2612055641422,0.0,2.7599911680282623,23.978803267829544,0.0
structured_history/gpt,breakout,openai:gpt-5.4-mini,structured_history,False,none,low,none,3,10,1092,1092,0,0,3000,2420,0,39,541,0,80.66666666666667,0.0,1.3,18.033333333333335,0.0
structured_history/gpt,demon_attack,openai:gpt-5.4,structured_history,False,none,high,none,3,10,1557,1557,0,0,3000,2233,0,3000,0,0,74.43333333333334,0.0,100.0,0.0,0.0
structured_history/gpt,demon_attack,openai:gpt-5.4,structured_history,False,none,low,none,3,10,1011,1011,0,0,3011,895,0,3011,0,0,29.724344071736965,0.0,100.0,0.0,0.0
structured_history/gpt,demon_attack,openai:gpt-5.4-mini,structured_history,False,none,high,none,3,11,1820,1820,0,0,3143,2266,0,3026,0,0,72.0967228762329,0.0,96.27744193445753,0.0,0.0
structured_history/gpt,demon_attack,openai:gpt-5.4-mini,structured_history,False,none,low,none,3,10,1429,1429,0,0,3000,2348,0,2605,1,0,78.26666666666667,0.0,86.83333333333333,0.03333333333333333,0.0
structured_history/gpt,fishing_derby,openai:gpt-5.4,structured_history,False,none,high,none,3,11,2181,2181,0,0,3035,2735,2354,396,0,0,90.1153212520593,77.56177924217462,13.047775947281714,0.0,0.0
structured_history/gpt,fishing_derby,openai:gpt-5.4,structured_history,False,none,low,none,3,10,1049,1049,0,0,3001,2723,2025,0,0,0,90.7364211929357,67.47750749750084,0.0,0.0,0.0
structured_history/gpt,fishing_derby,openai:gpt-5.4-mini,structured_history,False,none,high,none,3,10,1808,1808,0,0,3010,2752,1608,1664,20,0,91.42857142857143,53.42192691029901,55.28239202657807,0.6644518272425249,0.0
structured_history/gpt,fishing_derby,openai:gpt-5.4-mini,structured_history,False,none,low,none,3,10,1345,1345,0,0,3009,2763,1222,1001,1,0,91.82452642073778,40.61149883682287,33.26686606846128,0.03323363243602526,0.0
structured_history/gpt,freeway,openai:gpt-5.4,structured_history,False,none,high,none,3,12,728,728,0,0,3186,0,2904,0,282,0,0.0,91.1487758945386,0.0,8.851224105461393,0.0
structured_history/gpt,freeway,openai:gpt-5.4,structured_history,False,none,low,none,3,11,1123,1123,0,0,3071,0,2836,0,235,0,0.0,92.3477694562032,0.0,7.652230543796809,0.0
structured_history/gpt,freeway,openai:gpt-5.4-mini,structured_history,False,none,high,none,3,11,820,820,0,0,3063,0,3063,0,0,0,0.0,100.0,0.0,0.0,0.0
structured_history/gpt,freeway,openai:gpt-5.4-mini,structured_history,False,none,low,none,3,11,1089,1089,0,0,3155,0,3145,0,10,0,0.0,99.68304278922345,0.0,0.31695721077654515,0.0
structured_history/gpt,gopher,openai:gpt-5.4,structured_history,False,none,high,none,3,10,1634,1634,0,0,3000,2613,0,476,153,0,87.1,0.0,15.866666666666667,5.1,0.0
structured_history/gpt,gopher,openai:gpt-5.4,structured_history,False,none,low,none,3,10,1350,1350,0,0,3000,2270,0,1970,60,0,75.66666666666667,0.0,65.66666666666667,2.0,0.0
structured_history/gpt,gopher,openai:gpt-5.4-mini,structured_history,False,none,high,none,3,10,1053,1053,0,0,3000,2654,0,311,154,0,88.46666666666667,0.0,10.366666666666667,5.133333333333334,0.0
structured_history/gpt,gopher,openai:gpt-5.4-mini,structured_history,False,none,low,none,3,10,1140,1140,0,0,3020,2860,0,110,80,0,94.70198675496688,0.0,3.642384105960265,2.6490066225165565,0.0
structured_history/gpt,ice_hockey,openai:gpt-5.4,structured_history,False,none,high,none,3,11,1199,1199,0,0,3081,2781,2510,2625,0,0,90.26290165530672,81.46705615060046,85.19961051606622,0.0,0.0
structured_history/gpt,ice_hockey,openai:gpt-5.4,structured_history,False,none,low,none,3,10,1003,1003,0,0,3002,2417,2139,2380,0,0,80.51299133910726,71.2524983344437,79.28047968021319,0.0,0.0
structured_history/gpt,ice_hockey,openai:gpt-5.4-mini,structured_history,False,none,high,none,3,14,2330,2330,0,0,3499,3025,2470,1128,0,0,86.45327236353243,70.59159759931408,32.237782223492424,0.0,0.0
structured_history/gpt,ice_hockey,openai:gpt-5.4-mini,structured_history,False,none,low,none,3,10,1360,1360,0,0,3000,2930,1600,430,10,0,97.66666666666667,53.333333333333336,14.333333333333334,0.3333333333333333,0.0
structured_history/gpt,journey_escape,openai:gpt-5.4,structured_history,False,none,high,none,3,11,1522,1522,0,0,3106,751,2,0,2353,0,24.17900837089504,0.0643915003219575,0.0,75.756600128783,0.0
structured_history/gpt,journey_escape,openai:gpt-5.4,structured_history,False,none,low,none,3,10,1197,1197,0,0,3000,1025,207,0,1921,0,34.166666666666664,6.9,0.0,64.03333333333333,0.0
structured_history/gpt,journey_escape,openai:gpt-5.4-mini,structured_history,False,none,high,none,3,10,1033,1033,0,0,3000,1807,562,0,1067,0,60.233333333333334,18.733333333333334,0.0,35.56666666666667,0.0
structured_history/gpt,journey_escape,openai:gpt-5.4-mini,structured_history,False,none,low,none,3,10,1133,1133,0,0,3001,2648,1477,0,160,0,88.23725424858381,49.216927690769744,0.0,5.331556147950683,0.0
structured_history/gpt,laser_gates,openai:gpt-5.4,structured_history,False,none,high,none,3,10,1055,1055,0,0,3000,2832,584,140,10,0,94.4,19.466666666666665,4.666666666666667,0.3333333333333333,0.0
structured_history/gpt,laser_gates,openai:gpt-5.4,structured_history,False,none,low,none,3,10,1113,1113,0,0,3018,2864,384,218,16,0,94.89728296885355,12.723658051689862,7.223326706428098,0.5301524188204109,0.0
structured_history/gpt,laser_gates,openai:gpt-5.4-mini,structured_history,False,none,high,none,3,10,911,911,0,0,3039,2764,473,1620,0,0,90.95097071405067,15.56433037183284,53.30700888450148,0.0,0.0
structured_history/gpt,laser_gates,openai:gpt-5.4-mini,structured_history,False,none,low,none,3,10,1117,1117,0,0,3010,2965,223,743,9,0,98.50498338870432,7.408637873754153,24.6843853820598,0.29900332225913623,0.0
structured_history/gpt,name_this_game,openai:gpt-5.4,structured_history,False,none,high,none,3,13,1112,1112,0,0,3579,1861,0,2946,464,0,51.997764738753844,0.0,82.31349538977368,12.96451522771724,0.0
structured_history/gpt,name_this_game,openai:gpt-5.4,structured_history,False,none,low,none,3,10,986,986,0,0,3002,1426,0,2653,27,0,47.501665556295805,0.0,88.37441705529648,0.899400399733511,0.0
structured_history/gpt,name_this_game,openai:gpt-5.4-mini,structured_history,False,none,high,none,3,10,689,689,0,0,3000,972,0,834,1961,0,32.4,0.0,27.8,65.36666666666666,0.0
structured_history/gpt,name_this_game,openai:gpt-5.4-mini,structured_history,False,none,low,none,3,10,996,996,0,0,3000,2429,0,2269,411,0,80.96666666666667,0.0,75.63333333333334,13.7,0.0
structured_history/gpt,pacman,openai:gpt-5.4,structured_history,False,none,high,none,3,12,1347,1347,0,0,3556,2059,1497,0,0,0,57.902137232845895,42.097862767154105,0.0,0.0,0.0
structured_history/gpt,pacman,openai:gpt-5.4,structured_history,False,none,low,none,3,10,976,976,0,0,3009,1236,1773,0,0,0,41.07676969092722,58.92323030907278,0.0,0.0,0.0
structured_history/gpt,pacman,openai:gpt-5.4-mini,structured_history,False,none,high,none,3,10,1450,1450,0,0,3000,2739,261,0,0,0,91.3,8.7,0.0,0.0,0.0
structured_history/gpt,pacman,openai:gpt-5.4-mini,structured_history,False,none,low,none,3,10,1589,1589,0,0,3000,2530,470,0,0,0,84.33333333333333,15.666666666666666,0.0,0.0,0.0
structured_history/gpt,phoenix,openai:gpt-5.4,structured_history,False,none,high,none,3,20,3449,3449,0,0,5196,1917,5,1595,2101,0,36.89376443418014,0.0962278675904542,30.69668976135489,40.434949961508856,0.0
structured_history/gpt,phoenix,openai:gpt-5.4,structured_history,False,none,low,none,3,11,1446,1446,0,0,3110,930,0,1461,834,0,29.90353697749196,0.0,46.97749196141479,26.816720257234728,0.0
structured_history/gpt,phoenix,openai:gpt-5.4-mini,structured_history,False,none,high,none,3,10,1944,1944,0,0,3000,695,1,1026,1378,0,23.166666666666668,0.03333333333333333,34.2,45.93333333333333,0.0
structured_history/gpt,phoenix,openai:gpt-5.4-mini,structured_history,False,none,low,none,3,10,1331,1331,0,0,3002,1088,0,1305,639,0,36.242504996668885,0.0,43.47101932045303,21.28580946035976,0.0
structured_history/gpt,qbert,openai:gpt-5.4,structured_history,False,none,high,none,3,20,1638,1638,0,0,4023,3983,3983,0,40,0,99.0057171265225,99.0057171265225,0.0,0.9942828734775043,0.0
structured_history/gpt,qbert,openai:gpt-5.4,structured_history,False,none,low,none,3,10,1437,1437,0,0,3000,3000,3000,0,0,0,100.0,100.0,0.0,0.0,0.0
structured_history/gpt,qbert,openai:gpt-5.4-mini,structured_history,False,none,high,none,3,15,2928,2928,0,0,3714,3681,3681,0,33,0,99.11147011308562,99.11147011308562,0.0,0.8885298869143781,0.0
structured_history/gpt,qbert,openai:gpt-5.4-mini,structured_history,False,none,low,none,3,11,2256,2256,0,0,3248,3247,3247,0,1,0,99.9692118226601,99.9692118226601,0.0,0.03078817733990148,0.0
structured_history/gpt,riverraid,openai:gpt-5.4,structured_history,False,none,high,none,3,13,1487,1487,0,0,3265,1993,2665,832,16,0,61.04134762633997,81.62327718223584,25.48238897396631,0.4900459418070444,0.0
structured_history/gpt,riverraid,openai:gpt-5.4,structured_history,False,none,low,none,3,10,1079,1079,0,0,3018,1510,1900,804,33,0,50.033134526176276,62.955599734923794,26.640159045725646,1.0934393638170974,0.0
structured_history/gpt,riverraid,openai:gpt-5.4-mini,structured_history,False,none,high,none,3,12,2677,2677,0,0,3379,2241,2916,2322,9,0,66.32139686297721,86.29772121929565,68.71855578573542,0.2663509914175792,0.0
structured_history/gpt,riverraid,openai:gpt-5.4-mini,structured_history,False,none,low,none,3,11,1542,1542,0,0,3226,1672,2749,1144,0,0,51.828890266584004,85.21388716677,35.46187228766274,0.0,0.0
structured_history/gpt,robotank,openai:gpt-5.4,structured_history,False,none,high,none,3,10,1257,1257,0,0,3008,1118,1269,2980,0,0,37.16755319148936,42.1875,99.06914893617021,0.0,0.0
structured_history/gpt,robotank,openai:gpt-5.4,structured_history,False,none,low,none,3,10,1474,1474,0,0,3000,1081,613,2260,720,0,36.03333333333333,20.433333333333334,75.33333333333333,24.0,0.0
structured_history/gpt,robotank,openai:gpt-5.4-mini,structured_history,False,none,high,none,3,10,1478,1478,0,0,3000,754,2595,3000,0,0,25.133333333333333,86.5,100.0,0.0,0.0
structured_history/gpt,robotank,openai:gpt-5.4-mini,structured_history,False,none,low,none,3,10,1083,1083,0,0,3011,100,1750,2951,20,0,3.3211557622052474,58.12022583859183,98.00730654267686,0.6642311524410495,0.0
structured_history/gpt,seaquest,openai:gpt-5.4,structured_history,False,none,high,none,3,13,1383,1383,0,0,3351,2027,2802,596,0,0,60.489406147418684,83.61683079677708,17.78573560131304,0.0,0.0
structured_history/gpt,seaquest,openai:gpt-5.4,structured_history,False,none,low,none,3,10,1030,1030,0,0,3002,1926,2212,274,36,0,64.15722851432379,73.6842105263158,9.127248500999334,1.1992005329780147,0.0
structured_history/gpt,seaquest,openai:gpt-5.4-mini,structured_history,False,none,high,none,3,10,1464,1464,0,0,3008,1988,1809,342,231,0,66.09042553191489,60.139627659574465,11.36968085106383,7.679521276595745,0.0
structured_history/gpt,seaquest,openai:gpt-5.4-mini,structured_history,False,none,low,none,3,10,1195,1195,0,0,3001,2736,746,847,159,0,91.16961012995668,24.85838053982006,28.22392535821393,5.298233922025991,0.0
structured_history/gpt,tennis,openai:gpt-5.4,structured_history,False,none,high,none,3,10,1961,1961,0,0,3000,1487,334,616,848,0,49.56666666666667,11.133333333333333,20.533333333333335,28.266666666666666,0.0
structured_history/gpt,tennis,openai:gpt-5.4,structured_history,False,none,low,none,3,10,1221,1221,0,0,3000,1704,812,320,887,0,56.8,27.066666666666666,10.666666666666666,29.566666666666666,0.0
structured_history/gpt,tennis,openai:gpt-5.4-mini,structured_history,False,none,high,none,3,11,1977,1977,0,0,3154,2145,1845,246,730,0,68.00887761572606,58.49714648065948,7.7996195307545975,23.145212428662017,0.0
structured_history/gpt,tennis,openai:gpt-5.4-mini,structured_history,False,none,low,none,3,10,1382,1382,0,0,3000,1663,756,697,627,0,55.43333333333333,25.2,23.233333333333334,20.9,0.0
structured_history/gpt,time_pilot,openai:gpt-5.4,structured_history,False,none,high,none,3,11,1437,1437,0,0,3293,900,842,1551,0,0,27.33070148800486,25.569389614333435,47.099908897661706,0.0,0.0
structured_history/gpt,time_pilot,openai:gpt-5.4,structured_history,False,none,low,none,3,11,1200,1200,0,0,3232,914,918,1281,119,0,28.27970297029703,28.403465346534652,39.63490099009901,3.6819306930693068,0.0
structured_history/gpt,time_pilot,openai:gpt-5.4-mini,structured_history,False,none,high,none,3,12,1083,1083,0,0,3292,1285,404,1603,0,0,39.03402187120292,12.272174969623329,48.693803159173754,0.0,0.0
structured_history/gpt,time_pilot,openai:gpt-5.4-mini,structured_history,False,none,low,none,3,10,872,872,0,0,3001,451,1216,1333,1,0,15.028323892035989,40.519826724425194,44.41852715761413,0.03332222592469177,0.0
