source,model_name,thinking_mode,thinking_level,thinking_budget,group_label,num_30s_runs,total_turns,counted_turns,skipped_turns_missing_planned_actions,malformed_lines,total_actions,fire_actions,fire_percent,left_actions,left_percent,right_actions,right_percent
ataribench_videos/structured_history/runs/riverraid,google:gemini-3-flash-preview,none,high,none,google:gemini-3-flash-preview | thinking_mode=none | thinking_level=high | thinking_budget=none | source=ataribench_videos/structured_history/runs/riverraid,10,778,778,0,0,3024,1450,47.94973544973545,535,17.691798941798943,851,28.141534391534393
ataribench_videos/structured_history/runs/riverraid,google:gemini-3-flash-preview,none,low,none,google:gemini-3-flash-preview | thinking_mode=none | thinking_level=low | thinking_budget=none | source=ataribench_videos/structured_history/runs/riverraid,10,659,659,0,0,3013,1317,43.71058745436442,619,20.54430799867242,661,21.93826750746764
ataribench_videos/structured_history/runs/riverraid,google:gemini-3.1-pro-preview,none,high,none,google:gemini-3.1-pro-preview | thinking_mode=none | thinking_level=high | thinking_budget=none | source=ataribench_videos/structured_history/runs/riverraid,10,755,755,0,0,3001,456,15.194935021659447,304,10.129956681106298,515,17.16094635121626
ataribench_videos/structured_history/runs/riverraid,google:gemini-3.1-pro-preview,none,low,none,google:gemini-3.1-pro-preview | thinking_mode=none | thinking_level=low | thinking_budget=none | source=ataribench_videos/structured_history/runs/riverraid,10,807,807,0,0,3014,443,14.698075646980756,361,11.977438619774386,595,19.741207697412076
runs/riverraid,deepseek-ai/deepseek-v3.1,off,none,none,deepseek-ai/deepseek-v3.1 | thinking_mode=off | thinking_level=none | thinking_budget=none | source=runs/riverraid,9,1213,1213,0,0,2705,2249,83.14232902033272,29,1.0720887245841035,89,3.290203327171904
runs/riverraid,gemini-2.5-flash,off,none,0,gemini-2.5-flash | thinking_mode=off | thinking_level=none | thinking_budget=0 | source=runs/riverraid,10,950,950,0,0,3015,2071,68.6898839137645,900,29.850746268656717,976,32.37147595356551
runs/riverraid,gpt-5.4-mini,none,none,none,gpt-5.4-mini | thinking_mode=none | thinking_level=none | thinking_budget=none | source=runs/riverraid,10,1013,1013,0,0,3012,1320,43.82470119521912,7,0.23240371845949534,264,8.764940239043824
runs/riverraid,random,off,none,none,random | thinking_mode=off | thinking_level=none | thinking_budget=none | source=runs/riverraid,10,1525,1525,0,0,3005,1455,48.41930116472546,1021,33.97670549084859,970,32.27953410981697
runs/riverraid,zai-org/glm-5.1,off,none,none,zai-org/glm-5.1 | thinking_mode=off | thinking_level=none | thinking_budget=none | source=runs/riverraid,10,1238,1238,0,0,3007,2877,95.67675424010642,249,8.280678417026937,590,19.620884602593947
